{"name":"256e1d07-9ec4-4b13-9123-1a2acf7fba30","id":"/providers/Microsoft.Flow/flows/256e1d07-9ec4-4b13-9123-1a2acf7fba30","type":"Microsoft.Flow/flows","properties":{"apiId":"/providers/Microsoft.PowerApps/apis/shared_logicflows","displayName":"Scheduled calendar sync v0.2","definition":{"metadata":{"workflowEntityId":null,"processAdvisorMetadata":null,"flowclientsuspensionreason":"None","flowclientsuspensiontime":null,"flowclientsuspensionreasondetails":null,"creator":{"id":"6a3f8d4b-482b-4acb-9128-c4748e9b93a1","type":"User","tenantId":"331e8350-a57c-43c3-9a37-d76cf8000f52"},"provisioningMethod":"FromDefinition","failureAlertSubscription":true,"clientLastModifiedTime":"2023-02-20T17:23:56.797585Z"},"$schema":"https://schema.management.azure.com/providers/Microsoft.Logic/schemas/2016-06-01/workflowdefinition.json#","contentVersion":"1.0.0.0","parameters":{"$connections":{"defaultValue":{},"type":"Object"},"$authentication":{"defaultValue":{},"type":"SecureObject"}},"triggers":{"Setting:_Trigger_interval":{"recurrence":{"frequency":"Week","interval":1,"timeZone":"W. Europe Standard Time","startTime":"2023-02-10T09:00:00Z","schedule":{"weekDays":["Monday","Tuesday","Wednesday","Thursday","Friday"],"hours":["8","10","12","14","16","18"],"minutes":[0]}},"metadata":{"operationMetadataId":"8b7dd129-9e4d-4f52-8c69-8ac663bd9bd4"},"type":"Recurrence","description":"Because of strong limitations in the \"free\" PowerAutomate plan, it is recommended to only run the flow a few times per day. There is also a daily limit, so not running the flow at night will benefit you.","runtimeConfiguration":{"concurrency":{"runs":1}}}},"actions":{"Store_events_cal1":{"runAfter":{"Get_calendar_view_of_events_cal1":["Succeeded"]},"metadata":{"operationMetadataId":"baf59a96-28d5-41e9-ba18-e9cecb1e5d4f"},"type":"InitializeVariable","inputs":{"variables":[{"name":"cal1","type":"array","value":"@outputs('Get_calendar_view_of_events_cal1')?['body/value']"}]}},"Store_events_cal2":{"runAfter":{"Get_calendar_view_of_events_cal2":["Succeeded"]},"metadata":{"operationMetadataId":"260f635a-ee6c-4f40-b3c8-5bfe066a02a6"},"type":"InitializeVariable","inputs":{"variables":[{"name":"cal2","type":"array","value":"@outputs('Get_calendar_view_of_events_cal2')?['body/value']"}]}},"Get_calendar_view_of_events_cal1":{"runAfter":{"Setting:_create_SyncBlocker_events_only_for_these_event_responses":["Succeeded"]},"metadata":{"operationMetadataId":"824c7eff-9b77-4c75-8183-ce73ee17c6d4"},"type":"OpenApiConnection","inputs":{"host":{"apiId":"/providers/Microsoft.PowerApps/apis/shared_office365","connectionName":"shared_office365","operationId":"GetEventsCalendarViewV3"},"parameters":{"calendarId":"AAMkAGRiOTlhZjY3LTQzNWUtNGM0Ny05MGMwLWFmNDBlNzAxMDQ5OQBGAAAAAADBo9O3K16XQLoK7AG7_ka5BwARhE7LLMewTpXLsn71Fh9UAAAAAAEGAAARhE7LLMewTpXLsn71Fh9UAAAAAGFhAAA=","startDateTimeUtc":"@utcNow()","endDateTimeUtc":"@addDays(utcNow(), variables('daysToSync'))","$orderby":"Start/DateTime"},"authentication":"@parameters('$authentication')"}},"Get_calendar_view_of_events_cal2":{"runAfter":{"Store_events_cal1":["Succeeded"]},"metadata":{"operationMetadataId":"bc66297d-58a3-42ef-bfa7-6b276dbd4984"},"type":"OpenApiConnection","inputs":{"host":{"apiId":"/providers/Microsoft.PowerApps/apis/shared_office365","connectionName":"shared_office365_1","operationId":"GetEventsCalendarViewV3"},"parameters":{"calendarId":"AAMkADFiNmY1YWZlLWM5ZDctNDBkZi05MDE3LWI5ZGRiMjNhYTM3MgBGAAAAAAAogLtPFGQiQIE0HP7noReWBwAfDZ4LXm-kRJTpRkrkUvopAAAAAAEGAAAfDZ4LXm-kRJTpRkrkUvopAAAAANLjAAA=","startDateTimeUtc":"@utcNow()","endDateTimeUtc":"@addDays(utcNow(), variables('daysToSync'))","$orderby":"Start/DateTime"},"authentication":"@parameters('$authentication')"}},"realcal1_event_loop":{"foreach":"@body('realcal1')","actions":{"Cal2_SB_events_with_matching_location":{"runAfter":{},"metadata":{"operationMetadataId":"a61670d4-b2d6-4583-a108-78608d546275"},"type":"Query","inputs":{"from":"@body('sbcal2')","where":"@equals(item()?['location'], items('realcal1_event_loop')['id'])"}},"Condition:_if_above_filtered_array_contains_entries":{"actions":{"Filtered_Cal2_SB_events":{"foreach":"@body('Cal2_SB_events_with_matching_location')","actions":{"Condition:_if_Cal2_SB_event's_start_or_end_time_are_no_longer_matching":{"actions":{"Update_event_(SyncBlocker)_in_cal2":{"runAfter":{},"metadata":{"operationMetadataId":"da3cc5bd-2be4-4761-b66b-be4974b247e9"},"type":"OpenApiConnection","inputs":{"host":{"apiId":"/providers/Microsoft.PowerApps/apis/shared_office365","connectionName":"shared_office365_1","operationId":"V4CalendarPatchItem"},"parameters":{"table":"AAMkADFiNmY1YWZlLWM5ZDctNDBkZi05MDE3LWI5ZGRiMjNhYTM3MgBGAAAAAAAogLtPFGQiQIE0HP7noReWBwAfDZ4LXm-kRJTpRkrkUvopAAAAAAEGAAAfDZ4LXm-kRJTpRkrkUvopAAAAANLjAAA=","id":"@items('Filtered_Cal2_SB_events')['id']","item/subject":"@{variables('syncBlockerEventName')}@{items('realcal1_event_loop')['subject']}","item/start":"@items('realcal1_event_loop')['start']","item/end":"@items('realcal1_event_loop')['end']","item/timeZone":"@items('realcal1_event_loop')['timeZone']","item/body":"@items('realcal1_event_loop')['body']","item/location":"@items('realcal1_event_loop')['id']","item/showAs":"busy"},"authentication":"@parameters('$authentication')"}},"Debug_log_action":{"runAfter":{"Update_event_(SyncBlocker)_in_cal2":["Succeeded"]},"metadata":{"operationMetadataId":"886a0016-715f-4dbb-b367-1d8027d59fe3"},"type":"AppendToArrayVariable","inputs":{"name":"executedActions","value":"Updated outdated SB even in cal2: @{outputs('Update_event_(SyncBlocker)_in_cal2')?['body/subject']} - start: @{outputs('Update_event_(SyncBlocker)_in_cal2')?['body/start']}, end: @{outputs('Update_event_(SyncBlocker)_in_cal2')?['body/end']}"}}},"runAfter":{},"expression":{"or":[{"not":{"equals":["@items('Filtered_Cal2_SB_events')['start']","@items('realcal1_event_loop')['start']"]}},{"not":{"equals":["@items('Filtered_Cal2_SB_events')['end']","@items('realcal1_event_loop')['end']"]}}]},"metadata":{"operationMetadataId":"18628378-9be3-48cf-867c-eb8d197abff0"},"type":"If","description":"The comparison SHOULD also contain the event's body and subject, but the comparison is somehow broken / buggy, such that PowerAutomate thinks that the values are always different (even when they are not...)"}},"runAfter":{},"metadata":{"operationMetadataId":"69a192dd-bad1-4595-9f67-dfdca4cdf030"},"type":"Foreach"}},"runAfter":{"Cal2_SB_events_with_matching_location":["Succeeded"]},"else":{"actions":{"Create_event_(SynBlocker)_in_cal2":{"runAfter":{},"metadata":{"operationMetadataId":"90b1b22a-98e5-43c4-bfde-351c74589d90"},"type":"OpenApiConnection","inputs":{"host":{"apiId":"/providers/Microsoft.PowerApps/apis/shared_office365","connectionName":"shared_office365_1","operationId":"V4CalendarPostItem"},"parameters":{"table":"AAMkADFiNmY1YWZlLWM5ZDctNDBkZi05MDE3LWI5ZGRiMjNhYTM3MgBGAAAAAAAogLtPFGQiQIE0HP7noReWBwAfDZ4LXm-kRJTpRkrkUvopAAAAAAEGAAAfDZ4LXm-kRJTpRkrkUvopAAAAANLjAAA=","item/subject":"@{variables('syncBlockerEventName')}@{items('realcal1_event_loop')['subject']}","item/start":"@items('realcal1_event_loop')['start']","item/end":"@items('realcal1_event_loop')['end']","item/timeZone":"@items('realcal1_event_loop')['timeZone']","item/body":"@items('realcal1_event_loop')['body']","item/location":"@items('realcal1_event_loop')['id']","item/showAs":"busy"},"authentication":"@parameters('$authentication')"}},"Debug_log_action_(2)":{"runAfter":{"Create_event_(SynBlocker)_in_cal2":["Succeeded"]},"metadata":{"operationMetadataId":"e820c4a5-8e74-4357-8724-43fffc0e2df2"},"type":"AppendToArrayVariable","inputs":{"name":"executedActions","value":"Created SB event in cal2 for @{outputs('Create_event_(SynBlocker)_in_cal2')?['body/subject']} - start: @{outputs('Create_event_(SynBlocker)_in_cal2')?['body/start']}"}}}},"expression":{"greater":["@length(body('Cal2_SB_events_with_matching_location'))",0]},"metadata":{"operationMetadataId":"2c47acb0-37c9-4b7f-b88c-58561da06e1f"},"type":"If"}},"runAfter":{"Initialize_executed_actions_helper_variable":["Succeeded"]},"metadata":{"operationMetadataId":"00797fea-4af6-4f44-9ea3-525a4d9b61e2"},"type":"Foreach","description":"Creates missing SyncBlocker events in calendar 2, or updates the start/end times of already existing SyncBlocker-events."},"Setting:_Prefix_for_SyncBlocker_events_for_the_target_calendar":{"runAfter":{},"metadata":{"operationMetadataId":"c2eb347b-cc0c-40ce-b882-b8f7a2a67f1b"},"type":"InitializeVariable","inputs":{"variables":[{"name":"syncBlockerEventName","type":"string","value":"SyncBlocker: "}]},"description":"Choose something that is unique, i.e., it is unlikely that someone MANUALLY uses this prefix when creating an event. Only change this BEFORE running the flow for the first time!"},"Setting:_Days_to_sync":{"runAfter":{"Setting:_Prefix_for_SyncBlocker_events_for_the_target_calendar":["Succeeded"]},"metadata":{"operationMetadataId":"c6c9bce7-28b3-43e5-9c4f-56a93a4c7410"},"type":"InitializeVariable","inputs":{"variables":[{"name":"daysToSync","type":"integer","value":30}]},"description":"The number of days (starting from \"now\") that each flow execution will look into the future, to sync your calendar events."},"sbcal1":{"runAfter":{"Store_events_cal2":["Succeeded"]},"metadata":{"operationMetadataId":"3f65f354-0002-43cb-9d7d-021f3b38f064"},"type":"Query","inputs":{"from":"@variables('cal1')","where":"@startsWith(item()?['subject'], variables('syncBlockerEventName'))"},"description":"The SyncBlocker-events of calendar 1"},"realcal1":{"runAfter":{"sbcal1":["Succeeded"]},"metadata":{"operationMetadataId":"346f77aa-b7c3-4182-8eb2-74861a33fdc8"},"type":"Query","inputs":{"from":"@variables('cal1')","where":"@and(not(startsWith(item()?['subject'],variables('syncBlockerEventName'))), contains(variables('eventResponseTypes'), item()?['responseType']))"},"description":"The real events of calendar 1 (only those for which we want SyncBlocker events)"},"sbcal2":{"runAfter":{"realcal1":["Succeeded"]},"metadata":{"operationMetadataId":"6855e863-3af2-41af-9abd-4c8d4f09548b"},"type":"Query","inputs":{"from":"@variables('cal2')","where":"@startsWith(item()?['subject'], variables('syncBlockerEventName'))"},"description":"The SyncBlocker-events of calendar 2"},"realcal2":{"runAfter":{"sbcal2":["Succeeded"]},"metadata":{"operationMetadataId":"0f1aa3e7-82db-458a-9a23-ab90e2f75c68"},"type":"Query","inputs":{"from":"@variables('cal2')","where":"@and(not(startsWith(item()?['subject'],variables('syncBlockerEventName'))), contains(variables('eventResponseTypes'), item()?['responseType']))"},"description":"The real events of calendar 2 (only those for which we want SyncBlocker events)"},"Initialize_executed_actions_helper_variable":{"runAfter":{"realcal2":["Succeeded"]},"metadata":{"operationMetadataId":"e1d0ca22-3dfd-4e95-b957-45f5caf06e75"},"type":"InitializeVariable","inputs":{"variables":[{"name":"executedActions","type":"array"}]},"description":"This variable is like a log of actions executed by this flow run"},"Display_executed_actions_(for_debugging)":{"runAfter":{"sbcal2_event_loop":["Succeeded"]},"metadata":{"operationMetadataId":"3229fecb-368e-47ec-b096-425420be9250"},"type":"Query","inputs":{"from":"@variables('executedActions')","where":"@equals('', '')"},"description":"We simply don't filter anything, and just abuse the filter, to be able to see the variable's current value"},"sbcal1_event_loop":{"foreach":"@body('sbcal1')","actions":{"realcal2_events_with_matching_id":{"runAfter":{},"metadata":{"operationMetadataId":"8ae436b6-4b18-4752-b37c-51cc32187089"},"type":"Query","inputs":{"from":"@body('realcal2')","where":"@equals(item()?['id'], items('sbcal1_event_loop')['location'])"}},"Condition:_if_above_filtered_array_contains_values":{"actions":{},"runAfter":{"realcal2_events_with_matching_id":["Succeeded"]},"else":{"actions":{"Delete_event_(SyncBlocker)_in_cal1_that_are_orphaned":{"runAfter":{},"metadata":{"operationMetadataId":"39389c36-f957-403b-a24e-28c721af3366"},"type":"OpenApiConnection","inputs":{"host":{"apiId":"/providers/Microsoft.PowerApps/apis/shared_office365","connectionName":"shared_office365","operationId":"CalendarDeleteItem_V2"},"parameters":{"calendar":"AAMkAGRiOTlhZjY3LTQzNWUtNGM0Ny05MGMwLWFmNDBlNzAxMDQ5OQBGAAAAAADBo9O3K16XQLoK7AG7_ka5BwARhE7LLMewTpXLsn71Fh9UAAAAAAEGAAARhE7LLMewTpXLsn71Fh9UAAAAAGFhAAA=","event":"@items('sbcal1_event_loop')['id']"},"authentication":"@parameters('$authentication')"}},"Debug_log_action_(3)":{"runAfter":{"Delete_event_(SyncBlocker)_in_cal1_that_are_orphaned":["Succeeded"]},"metadata":{"operationMetadataId":"90037ab7-decf-4f7f-93a5-d2eea410e40c"},"type":"AppendToArrayVariable","inputs":{"name":"executedActions","value":"Deleted orphaned SB event from cal1: @{concat(items('sbcal1_event_loop')['subject'], ' - start: ', items('sbcal1_event_loop')['start'])}"}}}},"expression":{"greater":["@length(body('realcal2_events_with_matching_id'))",0]},"metadata":{"operationMetadataId":"6667d57e-852d-48a8-bb6b-52512fc24b16"},"type":"If"}},"runAfter":{"realcal1_event_loop":["Succeeded"]},"metadata":{"operationMetadataId":"575fb607-3b62-48b7-a923-20298a5c7738"},"type":"Foreach","description":"Find and delete orphaned SyncBlocker events in cal1"},"Setting:_create_SyncBlocker_events_only_for_these_event_responses":{"runAfter":{"Setting:_Days_to_sync":["Succeeded"]},"metadata":{"operationMetadataId":"58e8213b-64b2-4136-a174-31b63a6e9515"},"type":"InitializeVariable","inputs":{"variables":[{"name":"eventResponseTypes","type":"array","value":["organizer","accepted"]}]},"description":"Defines the alternative ways of responding to an event. SyncBlockers will only be created for events for which you responded. E.g. [\"organizer\", \"accepted\", \"tentativelyAccepted\", \"notResponded\"]"},"realcal2_event_loop":{"foreach":"@body('realcal2')","actions":{"Cal1_SB_events_with_matching_location":{"runAfter":{},"metadata":{"operationMetadataId":"4793d766-72ba-44e5-b031-9eae1adb6723"},"type":"Query","inputs":{"from":"@body('sbcal1')","where":"@equals(item()?['location'], items('realcal2_event_loop')['id'])"}},"Condition:_if_above_filtered_array_contains_more_than_0_entries":{"actions":{"Filtered_Cal2_SB_events_loop":{"foreach":"@body('Cal1_SB_events_with_matching_location')","actions":{"Condition":{"actions":{"Update_event_(SyncBlocker)_in_cal1":{"runAfter":{},"metadata":{"operationMetadataId":"0dbe8bd7-6243-4e32-9a79-6cf262addfee"},"type":"OpenApiConnection","inputs":{"host":{"apiId":"/providers/Microsoft.PowerApps/apis/shared_office365","connectionName":"shared_office365","operationId":"V4CalendarPatchItem"},"parameters":{"table":"AAMkAGRiOTlhZjY3LTQzNWUtNGM0Ny05MGMwLWFmNDBlNzAxMDQ5OQBGAAAAAADBo9O3K16XQLoK7AG7_ka5BwARhE7LLMewTpXLsn71Fh9UAAAAAAEGAAARhE7LLMewTpXLsn71Fh9UAAAAAGFhAAA=","id":"@items('Filtered_Cal2_SB_events_loop')['id']","item/subject":"@{variables('syncBlockerEventName')}@{items('realcal2_event_loop')['subject']}","item/start":"@items('realcal2_event_loop')['start']","item/end":"@items('realcal2_event_loop')['end']","item/timeZone":"@items('realcal2_event_loop')['timeZone']","item/body":"<p>@{items('realcal2_event_loop')['body']}</p>","item/location":"@items('realcal2_event_loop')['id']","item/showAs":"busy"},"authentication":"@parameters('$authentication')"}},"Debug_log_action_(5)":{"runAfter":{"Update_event_(SyncBlocker)_in_cal1":["Succeeded"]},"metadata":{"operationMetadataId":"a8db7bf7-d2d2-4a48-a434-f7c8f350cf28"},"type":"AppendToArrayVariable","inputs":{"name":"executedActions","value":"Updated outdated SB event in cal1: @{outputs('Update_event_(SyncBlocker)_in_cal1')?['body/subject']} - start: @{outputs('Update_event_(SyncBlocker)_in_cal1')?['body/start']}, end: @{outputs('Update_event_(SyncBlocker)_in_cal1')?['body/end']}"}}},"runAfter":{},"expression":{"or":[{"not":{"equals":["@items('Filtered_Cal2_SB_events_loop')['start']","@items('realcal2_event_loop')['start']"]}},{"not":{"equals":["@items('Filtered_Cal2_SB_events_loop')['end']","@items('realcal2_event_loop')['end']"]}}]},"metadata":{"operationMetadataId":"9e355f3c-4705-45c7-9869-79ef5ae91a6a"},"type":"If"}},"runAfter":{},"metadata":{"operationMetadataId":"0a77c460-d040-4a4e-9a73-ddb23c19ae32"},"type":"Foreach"}},"runAfter":{"Cal1_SB_events_with_matching_location":["Succeeded"]},"else":{"actions":{"Create_event_(SynBlocker)_in_cal1":{"runAfter":{},"metadata":{"operationMetadataId":"7e2b3ccc-eb14-46ec-a908-4494d70f487c"},"type":"OpenApiConnection","inputs":{"host":{"apiId":"/providers/Microsoft.PowerApps/apis/shared_office365","connectionName":"shared_office365","operationId":"V4CalendarPostItem"},"parameters":{"table":"AAMkAGRiOTlhZjY3LTQzNWUtNGM0Ny05MGMwLWFmNDBlNzAxMDQ5OQBGAAAAAADBo9O3K16XQLoK7AG7_ka5BwARhE7LLMewTpXLsn71Fh9UAAAAAAEGAAARhE7LLMewTpXLsn71Fh9UAAAAAGFhAAA=","item/subject":"@{variables('syncBlockerEventName')}@{items('realcal2_event_loop')['subject']}","item/start":"@items('realcal2_event_loop')['start']","item/end":"@items('realcal2_event_loop')['end']","item/timeZone":"@items('realcal2_event_loop')['timeZone']","item/body":"@items('realcal2_event_loop')['body']","item/location":"@items('realcal2_event_loop')['id']","item/showAs":"busy"},"authentication":"@parameters('$authentication')"}},"Debug_log_action_(4)":{"runAfter":{"Create_event_(SynBlocker)_in_cal1":["Succeeded"]},"metadata":{"operationMetadataId":"7daeb9e5-76a9-4741-9b88-d62ee948ac5b"},"type":"AppendToArrayVariable","inputs":{"name":"executedActions","value":"Created SB event in cal1 for @{outputs('Create_event_(SynBlocker)_in_cal1')?['body/subject']} - start: @{outputs('Create_event_(SynBlocker)_in_cal1')?['body/start']}"}}}},"expression":{"greater":["@length(body('Cal1_SB_events_with_matching_location'))",0]},"metadata":{"operationMetadataId":"5c0770e7-346d-4226-854b-0556c4831d05"},"type":"If"}},"runAfter":{"sbcal1_event_loop":["Succeeded"]},"metadata":{"operationMetadataId":"ba6a4969-8e57-4039-be4c-ffff33424825"},"type":"Foreach","description":"Creates missing SyncBlocker events in calendar 1, or updates the start/end times of already existing SyncBlocker-events."},"sbcal2_event_loop":{"foreach":"@body('sbcal2')","actions":{"realcal1_events_with_matching_id":{"runAfter":{},"metadata":{"operationMetadataId":"f2660df2-b5e8-4e2b-bc99-2233f38e49f1"},"type":"Query","inputs":{"from":"@body('realcal1')","where":"@equals(item()?['id'], items('sbcal2_event_loop')['location'])"}},"Condition:_if_above_filtered_array_contains_valuess":{"actions":{},"runAfter":{"realcal1_events_with_matching_id":["Succeeded"]},"else":{"actions":{"Delete_event_(SyncBlocker)_in_cal2_that_are_orphaned":{"runAfter":{},"metadata":{"operationMetadataId":"2aef33ba-ad52-4f3c-97a3-9035036d4b57"},"type":"OpenApiConnection","inputs":{"host":{"apiId":"/providers/Microsoft.PowerApps/apis/shared_office365","connectionName":"shared_office365_1","operationId":"CalendarDeleteItem_V2"},"parameters":{"calendar":"AAMkADFiNmY1YWZlLWM5ZDctNDBkZi05MDE3LWI5ZGRiMjNhYTM3MgBGAAAAAAAogLtPFGQiQIE0HP7noReWBwAfDZ4LXm-kRJTpRkrkUvopAAAAAAEGAAAfDZ4LXm-kRJTpRkrkUvopAAAAANLjAAA=","event":"@items('sbcal2_event_loop')['id']"},"authentication":"@parameters('$authentication')"}},"Debug_log_action_(6)":{"runAfter":{"Delete_event_(SyncBlocker)_in_cal2_that_are_orphaned":["Succeeded"]},"metadata":{"operationMetadataId":"b3cc1e6b-b93e-48e7-b3a3-83b1643715bb"},"type":"AppendToArrayVariable","inputs":{"name":"executedActions","value":"Deleted orphaned SB event from cal2: @{concat(items('sbcal2_event_loop')['subject'], ' - start: ', items('sbcal2_event_loop')['start'])}"}}}},"expression":{"greater":["@length(body('realcal1_events_with_matching_id'))",0]},"metadata":{"operationMetadataId":"03077fa3-cfab-4ebd-af07-463f9f5da732"},"type":"If"}},"runAfter":{"realcal2_event_loop":["Succeeded"]},"metadata":{"operationMetadataId":"082c01f5-1625-4804-be03-c4a394267ba5"},"type":"Foreach"}}},"connectionReferences":{"shared_office365":{"connectionName":"shared-office365-60785805-c0f6-42e7-953f-862bc362d824","source":"Embedded","id":"/providers/Microsoft.PowerApps/apis/shared_office365","tier":"NotSpecified"},"shared_office365_1":{"connectionName":"shared-office365-95bf95ac-13c1-4a45-ad60-debff2968a4b","source":"Embedded","id":"/providers/Microsoft.PowerApps/apis/shared_office365","tier":"NotSpecified"}},"flowFailureAlertSubscribed":false,"isManaged":false}}