{"name":"6ace7a8b-3cfa-48e5-9ac8-30868e9a1f71","id":"/providers/Microsoft.Flow/flows/6ace7a8b-3cfa-48e5-9ac8-30868e9a1f71","type":"Microsoft.Flow/flows","properties":{"apiId":"/providers/Microsoft.PowerApps/apis/shared_logicflows","displayName":"Delete Syncblocker events","definition":{"metadata":{"workflowEntityId":null,"processAdvisorMetadata":null,"flowChargedByPaygo":null,"flowclientsuspensionreason":"None","flowclientsuspensiontime":null,"flowclientsuspensionreasondetails":null,"creator":{"id":"6a3f8d4b-482b-4acb-9128-c4748e9b93a1","type":"User","tenantId":"331e8350-a57c-43c3-9a37-d76cf8000f52"},"provisioningMethod":"FromDefinition","failureAlertSubscription":true,"clientLastModifiedTime":"2023-05-19T10:11:29.9686253Z"},"$schema":"https://schema.management.azure.com/providers/Microsoft.Logic/schemas/2016-06-01/workflowdefinition.json#","contentVersion":"1.0.0.0","parameters":{"$connections":{"defaultValue":{},"type":"Object"},"$authentication":{"defaultValue":{},"type":"SecureObject"}},"triggers":{"manual":{"metadata":{"operationMetadataId":"6bb9772e-dbc1-4e4e-9e01-437eb490080d"},"type":"Request","kind":"Button","inputs":{"schema":{"type":"object","properties":{},"required":[]}}}},"actions":{"Get_calendars_(V2)":{"runAfter":{"Setting:_dry-run":["Succeeded"]},"metadata":{"operationMetadataId":"3d8aac7d-074d-48da-874f-e93a46d343ee"},"type":"OpenApiConnection","inputs":{"host":{"apiId":"/providers/Microsoft.PowerApps/apis/shared_office365","connectionName":"shared_office365_1","operationId":"CalendarGetTables_V2"},"parameters":{},"authentication":{"value":"@json(decodeBase64(triggerOutputs().headers['X-MS-APIM-Tokens']))['$ConnectionKey']","type":"Raw"}}},"Filter_array":{"runAfter":{"Get_calendars_(V2)":["Succeeded"]},"metadata":{"operationMetadataId":"3f492481-5151-48b3-931c-5e3040f65901"},"type":"Query","inputs":{"from":"@outputs('Get_calendars_(V2)')?['body/value']","where":"@equals(item()?['name'], variables('calendarName'))"}},"Initialize_variable":{"runAfter":{"Filter_array":["Succeeded"]},"metadata":{"operationMetadataId":"5a52c7b2-2f2e-4609-824a-ca859a8aa71d"},"type":"InitializeVariable","inputs":{"variables":[{"name":"calid","type":"string","value":"@{body('Filter_array')[0]['id']}"}]}},"Get_calendar_view_of_events_(V3)":{"runAfter":{"Initialize_variable":["Succeeded"]},"metadata":{"operationMetadataId":"9f1326b1-d2f0-4d6a-a702-0abfbadf3921"},"type":"OpenApiConnection","inputs":{"host":{"apiId":"/providers/Microsoft.PowerApps/apis/shared_office365","connectionName":"shared_office365_1","operationId":"GetEventsCalendarViewV3"},"parameters":{"calendarId":"@variables('calid')","startDateTimeUtc":"@utcNow()","endDateTimeUtc":"@addDays(utcNow(), variables('days'))","$filter":"startswith(subject,'@{variables('syncBlockerPrefix')}')","$orderby":"Start/DateTime","$top":999},"authentication":{"value":"@json(decodeBase64(triggerOutputs().headers['X-MS-APIM-Tokens']))['$ConnectionKey']","type":"Raw"}}},"Setting:_days_to_delete":{"runAfter":{"Instructions":["Succeeded"]},"metadata":{"operationMetadataId":"4cc72b9c-75eb-435f-8187-c1922e4e2594"},"type":"InitializeVariable","inputs":{"variables":[{"name":"days","type":"integer","value":250}]}},"Store_events":{"runAfter":{"Get_calendar_view_of_events_(V3)":["Succeeded"]},"metadata":{"operationMetadataId":"efb32c67-e26f-4933-9b07-b9f1f48be1d7"},"type":"InitializeVariable","inputs":{"variables":[{"name":"calevents","type":"array","value":"@outputs('Get_calendar_view_of_events_(V3)')?['body/value']"}]}},"Setting:_dry-run":{"runAfter":{"Setting:_calendar_name":["Succeeded"]},"metadata":{"operationMetadataId":"de03e859-0938-4e4d-a3f8-ae8f13235fef"},"type":"InitializeVariable","inputs":{"variables":[{"name":"dryRun","type":"boolean","value":true}]}},"Delete_if_not_dry_run":{"actions":{"Apply_to_each":{"foreach":"@variables('calevents')","actions":{"Delete_event_(V2)":{"runAfter":{},"metadata":{"operationMetadataId":"82334c4c-e3d5-4845-ab5d-6c669a612b30"},"type":"OpenApiConnection","inputs":{"host":{"apiId":"/providers/Microsoft.PowerApps/apis/shared_office365","connectionName":"shared_office365_1","operationId":"CalendarDeleteItem_V2"},"parameters":{"calendar":"@variables('calid')","event":"@items('Apply_to_each')['id']"},"authentication":{"value":"@json(decodeBase64(triggerOutputs().headers['X-MS-APIM-Tokens']))['$ConnectionKey']","type":"Raw"}}}},"runAfter":{},"metadata":{"operationMetadataId":"0d5bd1dc-60ab-45e2-8f6c-4bdc575aca75"},"type":"Foreach"}},"runAfter":{"Store_events":["Succeeded"]},"expression":{"equals":["@variables('dryRun')",false]},"metadata":{"operationMetadataId":"97d0a41e-b07f-44b6-a75a-28d582b6db10"},"type":"If"},"Setting:_Sync_blocker_event_prefix":{"runAfter":{"Setting:_days_to_delete":["Succeeded"]},"metadata":{"operationMetadataId":"56ddd61b-2bf4-44a9-b401-80f71c84e832"},"type":"InitializeVariable","inputs":{"variables":[{"name":"syncBlockerPrefix","type":"string","value":"SyncBlocker: "}]}},"Setting:_calendar_name":{"runAfter":{"Setting:_Sync_blocker_event_prefix":["Succeeded"]},"metadata":{"operationMetadataId":"99097c3b-596c-47a5-aa11-ea1f5ba5e86b"},"type":"InitializeVariable","inputs":{"variables":[{"name":"calendarName","type":"string","value":"Calendar"}]},"description":"Name of the calendar (as shown in Outlook) in which the SyncBlocker events should be deleted."},"Instructions":{"runAfter":{},"metadata":{"operationMetadataId":"1cdd29bf-f982-4fc3-83e5-8cc5260b621b"},"type":"InitializeVariable","inputs":{"variables":[{"name":"dummy","type":"string"}]},"description":"First, configure the SAME connection for all THREE Outlook-related actions. Next, tweak the settings. Set \"dry-run\" to \"false\" to really execute the deletions. All events shown by \"Get calendar view of events (V3)\" will be deleted."}},"outputs":{}},"connectionReferences":{"shared_office365_1":{"connectionName":"shared-office365-95bf95ac-13c1-4a45-ad60-debff2968a4b","source":"Invoker","id":"/providers/Microsoft.PowerApps/apis/shared_office365","tier":"NotSpecified"}},"flowFailureAlertSubscribed":false,"isManaged":false}}